price_level,tpo_count,is_poc,in_value_area,tpo_letters
58402.0,1,False,False,M
58412.0,1,False,False,M
58422.0,1,False,False,M
58432.0,1,False,False,M
58442.0,1,False,False,M
58452.0,1,False,False,M
58462.0,1,False,False,M
58472.0,1,False,False,M
58482.0,1,False,False,M
58492.0,1,False,False,M
58502.0,1,False,False,M
58512.0,1,False,False,M
58522.0,1,False,False,M
58532.0,1,False,False,M
58542.0,1,False,False,M
58552.0,1,False,False,M
58562.0,1,False,False,M
58572.0,1,False,False,M
58582.0,1,False,False,M
58592.0,1,False,False,M
58602.0,1,False,False,M
58612.0,1,False,False,M
58622.0,1,False,False,M
58632.0,1,False,False,M
58642.0,1,False,False,M
58652.0,1,False,False,M
58662.0,1,False,False,M
58672.0,1,False,False,M
58682.0,1,False,False,M
58692.0,1,False,False,M
58702.0,1,False,False,M
58712.0,1,False,False,M
58722.0,1,False,False,M
58732.0,1,False,False,M
58742.0,1,False,False,M
58752.0,1,False,False,M
58762.0,1,False,False,M
58772.0,1,False,False,M
58782.0,1,False,False,M
58792.0,1,False,False,M
58802.0,1,False,False,M
58812.0,1,False,False,M
58822.0,2,False,False,MM
58832.0,2,False,False,MM
58842.0,2,False,False,MM
58852.0,2,False,False,MM
58862.0,2,False,False,MM
58872.0,2,False,False,MM
58882.0,2,False,False,MM
58892.0,2,False,False,MM
58902.0,2,False,False,MM
58912.0,2,False,False,MM
58922.0,2,False,False,MM
58932.0,2,False,False,MM
58942.0,2,False,False,MM
58952.0,2,False,False,MM
58962.0,2,False,False,MM
58972.0,2,False,False,MM
58982.0,2,False,False,MM
58992.0,2,False,False,MM
59002.0,2,False,False,MM
59012.0,2,False,False,MM
59022.0,2,False,False,MM
59032.0,2,False,False,MM
59042.0,2,False,False,MM
59052.0,2,False,False,MM
59062.0,3,False,False,MMM
59072.0,3,False,False,MMM
59082.0,3,False,False,MMM
59092.0,3,False,False,MMM
59102.0,3,False,False,MMM
59112.0,3,False,False,MMM
59122.0,3,False,False,MMM
59132.0,3,False,False,MMM
59142.0,3,False,False,MMM
59152.0,3,False,False,MMM
59162.0,3,False,False,MMM
59172.0,3,False,False,MMM
59182.0,3,False,False,MMM
59192.0,3,False,False,MMM
59202.0,3,False,False,MMM
59212.0,3,False,False,MMM
59222.0,3,False,False,MMM
59232.0,3,False,False,MMM
59242.0,3,False,False,MMM
59252.0,3,False,False,MMM
59262.0,3,False,False,MMM
59272.0,3,False,False,MMM
59282.0,3,False,False,MMM
59292.0,3,False,False,MMM
59302.0,3,False,False,MMM
59312.0,3,False,False,MMM
59322.0,3,False,False,MMM
59332.0,3,False,False,MMM
59342.0,3,False,False,MMM
59352.0,3,False,False,MMM
59362.0,3,False,False,MMM
59372.0,3,False,False,MMM
59382.0,3,False,False,MMM
59392.0,3,False,False,MMM
59402.0,3,False,False,MMM
59412.0,4,False,False,MMMM
59422.0,4,False,False,MMMM
59432.0,4,False,False,MMMM
59442.0,4,False,False,MMMM
59452.0,4,False,False,MMMM
59462.0,4,False,False,MMMM
59472.0,4,False,False,MMMM
59482.0,4,False,False,MMMM
59492.0,4,False,False,MMMM
59502.0,4,False,False,MMMM
59512.0,4,False,False,MMMM
59522.0,4,False,False,MMMM
59532.0,4,False,False,MMMM
59542.0,3,False,False,MMM
59552.0,3,False,False,MMM
59562.0,3,False,False,MMM
59572.0,3,False,False,MMM
59582.0,3,False,False,MMM
59592.0,3,False,False,MMM
59602.0,3,False,False,MMM
59612.0,3,False,False,MMM
59622.0,3,False,False,MMM
59632.0,3,False,False,MMM
59642.0,3,False,False,MMM
59652.0,3,False,False,MMM
59662.0,2,False,False,MM
59672.0,2,False,False,MM
59682.0,2,False,False,MM
59692.0,2,False,False,MM
59702.0,2,False,False,MM
59712.0,3,False,False,MMM
59722.0,3,False,False,MMM
59732.0,3,False,False,MMM
59742.0,3,False,False,MMM
59752.0,3,False,False,MMM
59762.0,3,False,False,MMM
59772.0,3,False,False,MMM
59782.0,3,False,False,MMM
59792.0,3,False,False,MMM
59802.0,3,False,False,MMM
59812.0,4,False,False,MMMM
59822.0,4,False,False,MMMM
59832.0,4,False,False,MMMM
59842.0,4,False,False,MMMM
59852.0,4,False,False,MMMM
59862.0,5,False,False,MMMMM
59872.0,6,False,False,MMMMMM
59882.0,6,False,False,MMMMMM
59892.0,6,False,False,MMMMMM
59902.0,6,False,False,MMMMMM
59912.0,5,False,False,MMMMM
59922.0,5,False,False,MMMMM
59932.0,5,False,False,MMMMM
59942.0,6,False,False,MMMMMM
59952.0,6,False,False,MMMMMM
59962.0,6,False,False,MMMMMM
59972.0,6,False,False,MMMMMM
59982.0,6,False,False,MMMMMM
59992.0,7,False,False,MMMMMMM
60002.0,8,False,False,MMMMMMMM
60012.0,9,False,False,MMMMMMMMM
60022.0,9,False,False,MMMMMMMMM
60032.0,9,False,False,MMMMMMMMM
60042.0,9,False,False,MMMMMMMMM
60052.0,10,False,False,MMMMMMMMMM
60062.0,10,False,False,MMMMMMMMMM
60072.0,10,False,False,MMMMMMMMMM
60082.0,10,False,False,MMMMMMMMMM
60092.0,10,False,False,MMMMMMMMMM
60102.0,10,False,False,MMMMMMMMMM
60112.0,10,False,False,MMMMMMMMMM
60122.0,9,False,False,MMMMMMMMM
60132.0,9,False,False,MMMMMMMMM
60142.0,9,False,False,MMMMMMMMM
60152.0,9,False,False,MMMMMMMMM
60162.0,8,False,False,MMMMMMMM
60172.0,8,False,False,MMMMMMMM
60182.0,7,False,False,MMMMMMM
60192.0,7,False,False,MMMMMMM
60202.0,8,False,False,MMMMMMMM
60212.0,8,False,False,MMMMMMMM
60222.0,8,False,False,MMMMMMMM
60232.0,8,False,False,MMMMMMMM
60242.0,9,False,False,MMMMMMMMM
60252.0,9,False,False,MMMMMMMMM
60262.0,10,False,False,MMMMMMMMMT
60272.0,10,False,False,MMMMMMMMMT
60282.0,10,False,False,MMMMMMMMTT
60292.0,9,False,False,MMMMMMMTT
60302.0,10,False,False,MMMMMMMTTT
60312.0,11,False,False,MMMMMMMTTTT
60322.0,11,False,False,MMMMMMMTTTT
60332.0,11,False,False,MMMMMMMTTTT
60342.0,11,False,False,MMMMMMMTTTT
60352.0,11,False,False,MMMMMMMTTTT
60362.0,11,False,False,MMMMMMMTTTT
60372.0,11,False,False,MMMMMMMTTTT
60382.0,11,False,False,MMMMMMMTTTT
60392.0,11,False,False,MMMMMMMTTTT
60402.0,11,False,False,MMMMMMMTTTT
60412.0,12,False,False,MMMMMMMTTTTT
60422.0,11,False,False,MMMMMMTTTTT
60432.0,11,False,False,MMMMMMTTTTT
60442.0,11,False,False,MMMMMMTTTTT
60452.0,10,False,False,MMMMMTTTTT
60462.0,10,False,False,MMMMMTTTTT
60472.0,10,False,False,MMMMTTTTTT
60482.0,9,False,False,MMMTTTTTT
60492.0,7,False,False,MMTTTTT
60502.0,6,False,False,MMTTTT
60512.0,5,False,False,MMTTT
60522.0,5,False,False,MMTTT
60532.0,5,False,False,MMTTT
60542.0,5,False,False,MMTTT
60552.0,4,False,False,MTTT
60562.0,4,False,False,MTTT
60572.0,5,False,False,MMTTT
60582.0,5,False,False,MMTTT
60592.0,6,False,False,MMMTTT
60602.0,6,False,False,MMMTTT
60612.0,6,False,False,MMMTTT
60622.0,6,False,False,MMMTTT
60632.0,8,False,False,MMMTTTTT
60642.0,7,False,False,MMMTTTT
60652.0,7,False,False,MMMTTTT
60662.0,7,False,False,MMMTTTT
60672.0,8,False,False,MMMMTTTT
60682.0,9,False,False,MMMMTTTTT
60692.0,9,False,False,MMMMTTTTT
60702.0,9,False,False,MMMMTTTTT
60712.0,9,False,False,MMMMTTTTT
60722.0,9,False,False,MMMMTTTTT
60732.0,8,False,False,MMMMTTTT
60742.0,8,False,False,MMMMTTTT
60752.0,8,False,False,MMMMTTTT
60762.0,8,False,False,MMMMTTTT
60772.0,8,False,False,MMMMTTTT
60782.0,8,False,False,MMMMTTTT
60792.0,8,False,False,MMMMTTTT
60802.0,8,False,False,MMMMTTTT
60812.0,8,False,False,MMMMTTTT
60822.0,9,False,False,MMMMTTTTT
60832.0,9,False,False,MMMMTTTTT
60842.0,11,False,False,MMMMMTTTTTT
60852.0,11,False,False,MMMMMTTTTTT
60862.0,13,False,False,MMMMMMTTTTTTW
60872.0,13,False,False,MMMMMMTTTTTTW
60882.0,12,False,False,MMMMMMTTTTTW
60892.0,11,False,False,MMMMMMTTTTW
60902.0,12,False,False,MMMMMMTTTTTW
60912.0,11,False,False,MMMMMMTTTTW
60922.0,12,False,False,MMMMMMMTTTTW
60932.0,13,False,False,MMMMMMMTTTTTW
60942.0,14,False,False,MMMMMMMTTTTTWW
60952.0,14,False,False,MMMMMMMTTTTTWW
60962.0,15,False,False,MMMMMMTTTTTTTWW
60972.0,15,False,False,MMMMMMTTTTTTTWW
60982.0,14,False,False,MMMMMMTTTTTTWW
60992.0,14,False,False,MMMMMMTTTTTTWW
61002.0,15,False,False,MMMMMMTTTTTTTWW
61012.0,16,False,False,MMMMMMTTTTTTTTWW
61022.0,16,False,False,MMMMMMTTTTTTTTWW
61032.0,17,False,False,MMMMMMTTTTTTTTWWW
61042.0,19,False,True,MMMMMMTTTTTTTTTTWWW
61052.0,18,False,True,MMMMMTTTTTTTTTTWWW
61062.0,18,False,True,MMMMMTTTTTTTTTTWWW
61072.0,18,False,True,MMMMMTTTTTTTTTTWWW
61082.0,18,False,True,MMMMMTTTTTTTTTTWWW
61092.0,18,False,True,MMMMMTTTTTTTTTTWWW
61102.0,18,False,True,MMMMMMTTTTTTTTTWWW
61112.0,18,False,True,MMMMMMTTTTTTTTTWWW
61122.0,19,False,True,MMMMMMMTTTTTTTTTWWW
61132.0,22,False,True,MMMMMMMMMTTTTTTTTTTWWW
61142.0,23,False,True,MMMMMMMMMTTTTTTTTTTTWWW
61152.0,25,False,True,MMMMMMMMMTTTTTTTTTTTWWWWW
61162.0,28,False,True,MMMMMMMMMTTTTTTTTTTTTTTWWWWW
61172.0,28,False,True,MMMMMMMMMTTTTTTTTTTTTTTWWWWW
61182.0,28,False,True,MMMMMMMMMTTTTTTTTTTTTTTWWWWW
61192.0,28,False,True,MMMMMMMMMTTTTTTTTTTTTTWWWWWW
61202.0,28,False,True,MMMMMMMMMTTTTTTTTTTTTTWWWWWW
61212.0,30,False,True,MMMMMMMMMTTTTTTTTTTTTTTWWWWWWW
61222.0,32,False,True,MMMMMMMMMMTTTTTTTTTTTTTTTWWWWWWW
61232.0,33,False,True,MMMMMMMMMMTTTTTTTTTTTTTTTWWWWWWWW
61242.0,34,False,True,MMMMMMMMMMMTTTTTTTTTTTTTTTWWWWWWWW
61252.0,33,False,True,MMMMMMMMMMMTTTTTTTTTTTTTTTWWWWWWW
61262.0,33,False,True,MMMMMMMMMMMMTTTTTTTTTTTTTTWWWWWWW
61272.0,35,False,True,MMMMMMMMMMMMMTTTTTTTTTTTTTTWWWWWWWW
61282.0,32,False,True,MMMMMMMMMMMMTTTTTTTTTTTTTWWWWWWW
61292.0,32,False,True,MMMMMMMMMMMMTTTTTTTTTTTTTWWWWWWW
61302.0,32,False,True,MMMMMMMMMMMTTTTTTTTTTTTTTWWWWWWW
61312.0,32,False,True,MMMMMMMMMMMTTTTTTTTTTTTTWWWWWWWW
61322.0,33,False,True,MMMMMMMMMMMTTTTTTTTTTTTTWWWWWWWWW
61332.0,34,False,True,MMMMMMMMMMMTTTTTTTTTTTTTTWWWWWWWWW
61342.0,34,False,True,MMMMMMMMMMTTTTTTTTTTTTTTWWWWWWWWWW
61352.0,34,False,True,MMMMMMMMMMTTTTTTTTTTTTTTWWWWWWWWWW
61362.0,32,False,True,MMMMMMMMMTTTTTTTTTTTTTTWWWWWWWWW
61372.0,34,False,True,MMMMMMMMTTTTTTTTTTTTTTTWWWWWWWWWWW
61382.0,37,False,True,MMMMMMMMTTTTTTTTTTTTTTTTWWWWWWWWWWWWW
61392.0,34,False,True,MMMMMMTTTTTTTTTTTTTTTWWWWWWWWWWWWW
61402.0,34,False,True,MMMMMMTTTTTTTTTTTTTTTWWWWWWWWWWWWW
61412.0,33,False,True,MMMMMMTTTTTTTTTTTTTTWWWWWWWWWWWWW
61422.0,30,False,True,MMMMMTTTTTTTTTTTTWWWWWWWWWWWWW
61432.0,29,False,True,MMMMMTTTTTTTTTTTWWWWWWWWWWWWW
61442.0,28,False,True,MMMMMTTTTTTTTTTWWWWWWWWWWWWW
61452.0,28,False,True,MMMMMTTTTTTTTTTWWWWWWWWWWWWW
61462.0,27,False,True,MMMMMTTTTTTTTTTWWWWWWWWWWWW
61472.0,26,False,True,MMMMMTTTTTTTTTWWWWWWWWWWWW
61482.0,25,False,True,MMMMMTTTTTTTTTWWWWWWWWWWW
61492.0,25,False,True,MMMMMTTTTTTTTWWWWWWWWWWWW
61502.0,25,False,True,MMMMMTTTTTTTTWWWWWWWWWWWW
61512.0,24,False,True,MMMMMTTTTTTTTWWWWWWWWWWW
61522.0,25,False,True,MMMMTTTTTTTTTWWWWWWWWWWWW
61532.0,25,False,True,MMMMTTTTTTTTTWWWWWWWWWWWW
61542.0,26,False,True,MMMMTTTTTTTTTWWWWWWWWWWWWW
61552.0,26,False,True,MMMMTTTTTTTTTWWWWWWWWWWWWW
61562.0,27,False,True,MMMMTTTTTTTTTWWWWWWWWWWWWWW
61572.0,27,False,True,MMMMTTTTTTTTTWWWWWWWWWWWWWW
61582.0,25,False,True,MMMMTTTTTTTTTWWWWWWWWWWWW
61592.0,22,False,True,MMMTTTTTTTTWWWWWWWWWWW
61602.0,21,False,True,MMMTTTTTTTWWWWWWWWWWW
61612.0,19,False,True,MMMTTTTTTWWWWWWWWWW
61622.0,19,False,True,MMMTTTTTTWWWWWWWWWW
61632.0,19,False,True,MMMTTTTTTWWWWWWWWWW
61642.0,19,False,True,MMMTTTTTTWWWWWWWWWW
61652.0,20,False,True,MMTTTTTTTWWWWWWWWWWW
61662.0,20,False,True,MMTTTTTTTWWWWWWWWWWW
61672.0,22,False,True,MMTTTTTTTTTWWWWWWWWWWW
61682.0,20,False,True,MMTTTTTTTTTWWWWWWWWW
61692.0,20,False,True,MMTTTTTTTTTWWWWWWWWW
61702.0,19,False,True,MTTTTTTTTTWWWWWWWWW
61712.0,19,False,True,MTTTTTTTTTWWWWWWWWW
61722.0,20,False,True,MTTTTTTTTTWWWWWWWWWW
61732.0,21,False,True,MTTTTTTTTTWWWWWWWWWWW
61742.0,22,False,True,MTTTTTTTTTWWWWWWWWWWWW
61752.0,22,False,True,MTTTTTTTTTWWWWWWWWWWWW
61762.0,21,False,True,MTTTTTTTTTWWWWWWWWWWW
61772.0,20,False,True,MTTTTTTTTTWWWWWWWWWW
61782.0,19,False,True,MTTTTTTTTWWWWWWWWWW
61792.0,19,False,True,MTTTTTTTTWWWWWWWWWW
61802.0,16,False,True,MTTTTTTTTWWWWWWW
61812.0,18,False,True,MTTTTTTTTTTWWWWWWW
61822.0,18,False,True,MTTTTTTTTTTWWWWWWW
61832.0,17,False,True,MTTTTTTTTTWWWWWWW
61842.0,15,False,True,MTTTTTTTTTWWWWW
61852.0,16,False,True,MTTTTTTTTTWWWWWW
61862.0,15,False,True,MTTTTTTTTTWWWWW
61872.0,15,False,True,MTTTTTTTTTWWWWW
61882.0,19,False,True,MTTTTTTTTTTTTTWWWWW
61892.0,20,False,True,MTTTTTTTTTTTTTTWWWWW
61902.0,20,False,True,MTTTTTTTTTTTTTTWWWWW
61912.0,20,False,True,MTTTTTTTTTTTTTTWWWWW
61922.0,22,False,True,MTTTTTTTTTTTTTTTWWWWWW
61932.0,21,False,True,MTTTTTTTTTTTTTTWWWWWW
61942.0,20,False,True,MTTTTTTTTTTTTTWWWWWW
61952.0,19,False,True,MTTTTTTTTTTTTWWWWWW
61962.0,18,False,True,MTTTTTTTTTTTWWWWWW
61972.0,18,False,True,MTTTTTTTTTTTWWWWWW
61982.0,17,False,True,MTTTTTTTTTTTWWWWW
61992.0,16,False,True,MTTTTTTTTTTTWWWW
62002.0,15,False,True,MTTTTTTTTTTTWWW
62012.0,15,False,True,MTTTTTTTTTTTWWW
62022.0,16,False,True,MTTTTTTTTTTTWWWW
62032.0,15,False,True,MTTTTTTTTTWWWWW
62042.0,15,False,True,MTTTTTTTTTWWWWW
62052.0,16,False,True,MMTTTTTTTTTWWWWW
62062.0,16,False,True,MMTTTTTTTTTWWWWW
62072.0,15,False,True,MMTTTTTTTTWWWWW
62082.0,12,False,True,MMTTTTTTTWWW
62092.0,12,False,True,MMTTTTTTTWWW
62102.0,12,False,True,MMTTTTTTTWWW
62112.0,12,False,True,MMTTTTTTTWWW
62122.0,12,False,True,MMTTTTTTTWWW
62132.0,12,False,True,MMTTTTTTTWWW
62142.0,10,False,True,MMTTTTTWWW
62152.0,9,False,True,MTTTTTWWW
62162.0,8,False,True,MMTTTWWW
62172.0,7,False,True,MMTTWWW
62182.0,8,False,True,MMMTTWWW
62192.0,7,False,True,MMMTTWW
62202.0,7,False,True,MMMTTWW
62212.0,7,False,True,MMMTTWW
62222.0,7,False,True,MMMTTWW
62232.0,6,False,True,MMMTWW
62242.0,6,False,True,MMMTWW
62252.0,6,False,True,MMMTWW
62262.0,6,False,True,MMMMTW
62272.0,6,False,True,MMMMTW
62282.0,6,False,True,MMMMTW
62292.0,8,False,True,MMMMMMTW
62302.0,8,False,True,MMMMMMTW
62312.0,8,False,True,MMMMMMTW
62322.0,8,False,True,MMMMMMTW
62332.0,8,False,True,MMMMMMTW
62342.0,9,False,True,MMMMMMMTW
62352.0,9,False,True,MMMMMMMTW
62362.0,9,False,True,MMMMMMMTW
62372.0,9,False,True,MMMMMMMTW
62382.0,9,False,True,MMMMMMMTW
62392.0,9,False,True,MMMMMMMTW
62402.0,8,False,True,MMMMMMTW
62412.0,8,False,True,MMMMMMTW
62422.0,6,False,True,MMMMMW
62432.0,5,False,True,MMMMW
62442.0,5,False,True,MMMMW
62452.0,5,False,True,MMMMW
62462.0,5,False,True,MMMMW
62472.0,5,False,True,MMMMW
62482.0,5,False,True,MMMMW
62492.0,4,False,True,MMMM
62502.0,5,False,True,MMMMM
62512.0,5,False,True,MMMMM
62522.0,5,False,True,MMMMM
62532.0,5,False,True,MMMMM
62542.0,5,False,True,MMMMM
62552.0,5,False,True,MMMMM
62562.0,5,False,True,MMMMM
62572.0,5,False,True,MMMMM
62582.0,5,False,True,MMMMM
62592.0,5,False,True,MMMMM
62602.0,5,False,True,MMMMM
62612.0,5,False,True,MMMMM
62622.0,5,False,True,MMMMM
62632.0,5,False,True,MMMMM
62642.0,6,False,True,MMMMMM
62652.0,5,False,True,MMMMM
62662.0,5,False,True,MMMMM
62672.0,5,False,True,MMMMM
62682.0,5,False,True,MMMMM
62692.0,5,False,True,MMMMM
62702.0,6,False,True,MMMMMM
62712.0,7,False,True,MMMMMMM
62722.0,7,False,True,MMMMMMM
62732.0,7,False,True,MMMMMMM
62742.0,7,False,True,MMMMMMM
62752.0,7,False,True,MMMMMMM
62762.0,7,False,True,MMMMMMM
62772.0,8,False,True,MMMMMMMM
62782.0,7,False,True,MMMMMMM
62792.0,7,False,True,MMMMMMM
62802.0,7,False,True,MMMMMMM
62812.0,7,False,True,MMMMMMM
62822.0,7,False,True,MMMMMMM
62832.0,7,False,True,MMMMMMM
62842.0,7,False,True,MMMMMMM
62852.0,7,False,True,MMMMMMM
62862.0,8,False,True,MMMMMMMM
62872.0,7,False,True,MMMMMMM
62882.0,6,False,True,MMMMMM
62892.0,5,False,True,MMMMM
62902.0,5,False,True,MMMMM
62912.0,6,False,True,MMMMMM
62922.0,7,False,True,MMMMMMM
62932.0,7,False,True,MMMMMMM
62942.0,7,False,True,MMMMMMM
62952.0,7,False,True,MMMMMMM
62962.0,6,False,True,MMMMMM
62972.0,6,False,True,MMMMMM
62982.0,5,False,True,MMMMM
62992.0,5,False,True,MMMMM
63002.0,5,False,True,MMMMM
63012.0,5,False,True,MMMMM
63022.0,5,False,True,MMMMM
63032.0,5,False,True,MMMMM
63042.0,5,False,True,MMMMM
63052.0,5,False,True,MMMMM
63062.0,5,False,True,MMMMM
63072.0,5,False,True,MMMMM
63082.0,4,False,True,MMMM
63092.0,4,False,True,MMMM
63102.0,4,False,True,MMMM
63112.0,4,False,True,MMMM
63122.0,4,False,True,MMMM
63132.0,4,False,True,MMMM
63142.0,4,False,True,MMMM
63152.0,4,False,True,MMMM
63162.0,4,False,True,MMMM
63172.0,5,False,True,MMMMM
63182.0,6,False,True,SMMMMM
63192.0,6,False,True,SMMMMM
63202.0,7,False,True,SMMMMMM
63212.0,7,False,True,SMMMMMM
63222.0,6,False,True,SMMMMM
63232.0,6,False,True,SMMMMM
63242.0,6,False,True,SMMMMM
63252.0,6,False,True,SMMMMM
63262.0,5,False,True,SMMMM
63272.0,5,False,True,SMMMM
63282.0,5,False,True,SMMMM
63292.0,5,False,True,SMMMM
63302.0,4,False,True,SMMM
63312.0,4,False,True,SMMM
63322.0,4,False,True,SMMM
63332.0,4,False,True,SMMM
63342.0,3,False,True,SMM
63352.0,2,False,True,SM
63362.0,2,False,True,SM
63372.0,1,False,True,S
63382.0,2,False,True,FS
63392.0,2,False,True,FS
63402.0,2,False,True,FS
63412.0,2,False,True,FS
63422.0,2,False,True,FS
63432.0,2,False,True,FS
63442.0,2,False,True,FS
63452.0,3,False,True,FFS
63462.0,4,False,True,FFFS
63472.0,5,False,True,FFFFS
63482.0,5,False,True,FFFFS
63492.0,6,False,True,FFFFFS
63502.0,6,False,True,FFFFFS
63512.0,7,False,True,FFFFFFS
63522.0,7,False,True,FFFFFFS
63532.0,8,False,True,FFFFFFFS
63542.0,9,False,True,FFFFFFFSS
63552.0,10,False,True,FFFFFFFSSS
63562.0,9,False,True,FFFFFFFSS
63572.0,12,False,True,FFFFFFFFFFSS
63582.0,12,False,True,FFFFFFFFFFSS
63592.0,14,False,True,FFFFFFFFFFFFSS
63602.0,15,False,True,FFFFFFFFFFFFSSS
63612.0,15,False,True,FFFFFFFFFFFFSSS
63622.0,15,False,True,FFFFFFFFFFFFSSS
63632.0,15,False,True,FFFFFFFFFFFFSSS
63642.0,16,False,True,FFFFFFFFFFFFSSSS
63652.0,17,False,True,FFFFFFFFFFFFFSSSS
63662.0,17,False,True,FFFFFFFFFFFFFSSSS
63672.0,17,False,True,FFFFFFFFFFFFFSSSS
63682.0,18,False,True,FFFFFFFFFFFFFFSSSS
63692.0,19,False,True,FFFFFFFFFFFFFFSSSSS
63702.0,19,False,True,FFFFFFFFFFFFFFSSSSS
63712.0,19,False,True,FFFFFFFFFFFFFFSSSSS
63722.0,19,False,True,FFFFFFFFFFFFFFSSSSS
63732.0,19,False,True,FFFFFFFFFFFFFFSSSSS
63742.0,19,False,True,FFFFFFFFFFFFFFSSSSS
63752.0,18,False,True,FFFFFFFFFFFFFFSSSS
63762.0,18,False,True,FFFFFFFFFFFFFFSSSS
63772.0,18,False,True,FFFFFFFFFFFFFFSSSS
63782.0,18,False,True,FFFFFFFFFFFFFFSSSS
63792.0,18,False,True,FFFFFFFFFFFFFFSSSS
63802.0,18,False,True,FFFFFFFFFFFFFFSSSS
63812.0,17,False,True,FFFFFFFFFFFFFSSSS
63822.0,17,False,True,FFFFFFFFFFFFFFSSS
63832.0,18,False,True,FFFFFFFFFFFFFFFSSS
63842.0,17,False,True,FFFFFFFFFFFFFFSSS
63852.0,16,False,True,FFFFFFFFFFFFFFSS
63862.0,14,False,True,FFFFFFFFFFFFFS
63872.0,13,False,True,FFFFFFFFFFFFS
63882.0,14,False,True,FFFFFFFFFFFFFS
63892.0,13,False,True,FFFFFFFFFFFFS
63902.0,14,False,True,FFFFFFFFFFFFFS
63912.0,16,False,True,FFFFFFFFFFFFFFFS
63922.0,16,False,True,FFFFFFFFFFFFFFSS
63932.0,16,False,True,FFFFFFFFFFFFFSSS
63942.0,16,False,True,FFFFFFFFFFFFFSSS
63952.0,18,False,True,FFFFFFFFFFFFFFSSSS
63962.0,18,False,True,FFFFFFFFFFFFFFSSSS
63972.0,18,False,True,FFFFFFFFFFFFFFSSSS
63982.0,16,False,True,FFFFFFFFFFFFSSSS
63992.0,16,False,True,FFFFFFFFFFFFSSSS
64002.0,16,False,True,FFFFFFFFFFFSSSSS
64012.0,16,False,True,FFFFFFFFFFFSSSSS
64022.0,16,False,True,FFFFFFFFFFFFSSSS
64032.0,16,False,True,FFFFFFFFFFFFSSSS
64042.0,18,False,True,FFFFFFFFFFFFFSSSSS
64052.0,18,False,True,FFFFFFFFFFFFSSSSSS
64062.0,20,False,True,TFFFFFFFFFFFSSSSSSSS
64072.0,23,False,True,TFFFFFFFFFFFFSSSSSSSSSS
64082.0,24,False,True,TFFFFFFFFFFFFSSSSSSSSSSS
64092.0,26,False,True,TFFFFFFFFFFFFFSSSSSSSSSSSS
64102.0,29,False,True,TFFFFFFFFFFFFFFSSSSSSSSSSSSSS
64112.0,29,False,True,TFFFFFFFFFFFFFFSSSSSSSSSSSSSS
64122.0,29,False,True,TFFFFFFFFFFFFFFSSSSSSSSSSSSSS
64132.0,27,False,True,TFFFFFFFFFFFFFSSSSSSSSSSSSS
64142.0,28,False,True,TFFFFFFFFFFFFFFSSSSSSSSSSSSS
64152.0,28,False,True,TFFFFFFFFFFFFFSSSSSSSSSSSSSS
64162.0,25,False,True,TFFFFFFFFFFFFFSSSSSSSSSSS
64172.0,24,False,True,TFFFFFFFFFFFFFSSSSSSSSSS
64182.0,21,False,True,TTFFFFFFFFFFFFSSSSSSS
64192.0,18,False,True,TTFFFFFFFFFFFFSSSS
64202.0,17,False,True,TTFFFFFFFFFFFSSSS
64212.0,16,False,True,TTFFFFFFFFFFSSSS
64222.0,18,False,True,TTFFFFFFFFFFSSSSSS
64232.0,17,False,True,TTFFFFFFFFFSSSSSS
64242.0,18,False,True,TTFFFFFFFFFSSSSSSS
64252.0,24,False,True,TTFFFFFFFFFSSSSSSSSSSSSS
64262.0,38,False,True,TTTFFFFFFFFFSSSSSSSSSSSSSSSSSSSSSSSSSS
64272.0,41,False,True,TTTFFFFFFFSSSSSSSSSSSSSSSSSSSSSSSSSSSSSSS
64282.0,48,False,True,TTTFFFFFFFSSSSSSSSSSSSSSSSSSSSSSSSSSSSSSSSSSSSSS
64292.0,51,True,True,TTTFFFFFFFSSSSSSSSSSSSSSSSSSSSSSSSSSSSSSSSSSSSSSSSS
64302.0,48,False,True,TTTFFFFFSSSSSSSSSSSSSSSSSSSSSSSSSSSSSSSSSSSSSSSS
64312.0,42,False,True,TTTFFFFFSSSSSSSSSSSSSSSSSSSSSSSSSSSSSSSSSS
64322.0,40,False,True,TTTTFFFFFFSSSSSSSSSSSSSSSSSSSSSSSSSSSSSS
64332.0,33,False,True,TTTTFFFFFFSSSSSSSSSSSSSSSSSSSSSSS
64342.0,31,False,True,TTTTTTFFFFFFSSSSSSSSSSSSSSSSSSS
64352.0,33,False,True,TTTTTTTFFFFFFFSSSSSSSSSSSSSSSSSSS
64362.0,31,False,True,TTTTTTTTFFFFFSSSSSSSSSSSSSSSSSS
64372.0,30,False,True,TTTTTTTTFFFFFSSSSSSSSSSSSSSSSS
64382.0,29,False,True,TTTTTTTTFFFFSSSSSSSSSSSSSSSSS
64392.0,30,False,True,TTTTTTTTFFFFSSSSSSSSSSSSSSSSSS
64402.0,32,False,True,TTTTTTTTTTFFFFSSSSSSSSSSSSSSSSSS
64412.0,34,False,True,TTTTTTTTTTFFFFSSSSSSSSSSSSSSSSSSSS
64422.0,32,False,True,TTTTTTTTTTFFFFSSSSSSSSSSSSSSSSSS
64432.0,28,False,True,TTTTTTTTTTFFFFSSSSSSSSSSSSSS
64442.0,25,False,True,TTTTTTTTTTFFFFSSSSSSSSSSS
64452.0,26,False,True,TTTTTTTTTTTFFFFSSSSSSSSSSS
64462.0,26,False,True,TTTTTTTTTTTTFFFSSSSSSSSSSS
64472.0,24,False,True,TTTTTTTTTTTTFFFSSSSSSSSS
64482.0,23,False,True,TTTTTTTTTTTTFFFSSSSSSSS
64492.0,22,False,True,TTTTTTTTTTTTFFFSSSSSSS
64502.0,22,False,True,TTTTTTTTTTTTFFFSSSSSSS
64512.0,22,False,True,TTTTTTTTTTTTFFFFSSSSSS
64522.0,19,False,True,TTTTTTTTTTTTFFFFSSS
64532.0,18,False,True,TTTTTTTTTTTTFFFFSS
64542.0,17,False,True,TTTTTTTTTTTTFFFFS
64552.0,16,False,True,TTTTTTTTTTTTFFFF
64562.0,18,False,True,TTTTTTTTTTTTTTFFFF
64572.0,21,False,True,TTTTTTTTTTTTTTTFFFFFF
64582.0,23,False,True,TTTTTTTTTTTTTTTTFFFFFFF
64592.0,23,False,True,TTTTTTTTTTTTTTTTFFFFFFF
64602.0,24,False,True,TTTTTTTTTTTTTTTTFFFFFFFF
64612.0,25,False,True,TTTTTTTTTTTTTTTTFFFFFFFFF
64622.0,25,False,True,TTTTTTTTTTTTTTTTFFFFFFFFF
64632.0,26,False,True,TTTTTTTTTTTTTTTTTFFFFFFFFF
64642.0,28,False,True,TTTTTTTTTTTTTTTTTTFFFFFFFFFF
64652.0,27,False,True,TTTTTTTTTTTTTTTTTTFFFFFFFFF
64662.0,29,False,True,TTTTTTTTTTTTTTTTTTTFFFFFFFFFF
64672.0,30,False,True,TTTTTTTTTTTTTTTTWTTTFFFFFFFFFF
64682.0,27,False,True,TTTTTTTTTTTTTTTTWTTTFFFFFFF
64692.0,27,False,True,TTTTTTTTTTTTTTTWTTTTFFFFFFF
64702.0,26,False,True,TTTTTTTTTTTTTTTWTTTTFFFFFF
64712.0,26,False,True,TTTTTTTTTTTTTTWTTTTTFFFFFF
64722.0,27,False,True,TTTTTTTTTTTTTTWTTTTTFFFFFFF
64732.0,28,False,True,TTTTTTTTTTTTTTWTTTTTFFFFFFFF
64742.0,25,False,True,TTTTTTTTTTTTTWWTTTTTFFFFF
64752.0,25,False,True,TTTTTTTTTTTTTWWTTTTTFFFFF
64762.0,27,False,True,TTTTTTTTTTTTTWWWTTTTTFFFFFF
64772.0,26,False,True,TTTTTTTTTTTTWWWTTTTTFFFFFF
64782.0,26,False,True,TTTTTTTTTTTTWWWTTTTTFFFFFF
64792.0,28,False,True,TTTTTTTTTTTTWWWWTTTTTTFFFFFF
64802.0,28,False,True,TTTTTTTTTTTTWWWWTTTTTTTFFFFF
64812.0,31,False,True,TTTTTTTTTTTTWWWWWWWTTTTTTTFFFFF
64822.0,35,False,True,TTTTTTTTTTTTWWWWWWWWWTTTTTTTTTFFFFF
64832.0,36,False,True,TTTTTTTTTTTTWWWWWWWWWTTTTTTTTTTFFFFF
64842.0,38,False,True,TTTTTTTTTTTTWWWWWWWWWWWWTTTTTTTTTTFFFF
64852.0,39,False,True,TTTTTTTTTTTTWWWWWWWWWWWWTTTTTTTTTTTFFFF
64862.0,40,False,True,TTTTTTTTTTTTWWWWWWWWWWWWWWTTTTTTTTTTFFFF
64872.0,39,False,True,TTTTTTTTTTWWWWWWWWWWWWWWTTTTTTTTTTTFFFF
64882.0,40,False,True,TTTTTTTTTTWWWWWWWWWWWWWWTTTTTTTTTTTFFFFF
64892.0,41,False,True,TTTTTTTTTTWWWWWWWWWWWWWWWTTTTTTTTTTTFFFFF
64902.0,44,False,True,TTTTTTTTTTWWWWWWWWWWWWWWWWWTTTTTTTTTTTFFFFFF
64912.0,43,False,True,TTTTTTTTTWWWWWWWWWWWWWWWWWTTTTTTTTTTTFFFFFF
64922.0,41,False,True,TTTTTTTTTWWWWWWWWWWWWWWWWWTTTTTTTTTTFFFFF
64932.0,40,False,True,TTTTTTTTTWWWWWWWWWWWWWWWWTTTTTTTTTTTFFFF
64942.0,39,False,True,TTTTTTTTTWWWWWWWWWWWWWWWWTTTTTTTTTTTTFF
64952.0,37,False,True,TTTTTTTTTWWWWWWWWWWWWWWWTTTTTTTTTTTFF
64962.0,39,False,True,TTTTTTTTTWWWWWWWWWWWWWWWTTTTTTTTTTTTTFF
64972.0,39,False,True,TTTTTTTTTWWWWWWWWWWWWWWWTTTTTTTTTTTTTFF
64982.0,39,False,True,TTTTTTTTTWWWWWWWWWWWWWWWTTTTTTTTTTTTTFF
64992.0,38,False,True,TTTTTTTTTWWWWWWWWWWWWWWTTTTTTTTTTTTTFF
65002.0,38,False,True,TTTTTTTTTTWWWWWWWWWWWWWWTTTTTTTTTTTTFF
65012.0,41,False,True,TTTTTTTTTTTWWWWWWWWWWWWWWWTTTTTTTTTTTTTFF
65022.0,40,False,True,TTTTTTTTTTTWWWWWWWWWWWWWWWTTTTTTTTTTTTTF
65032.0,41,False,True,TTTTTTTTTTTWWWWWWWWWWWWWWWWTTTTTTTTTTTTTF
65042.0,43,False,True,TTTTTTTTTTWWWWWWWWWWWWWWWWWTTTTTTTTTTTTTTTF
65052.0,43,False,True,TTTTTTTTTWWWWWWWWWWWWWWWWWWTTTTTTTTTTTTTTTF
65062.0,45,False,True,TTTTTTTTTTTWWWWWWWWWWWWWWWWWTTTTTTTTTTTTTTTTF
65072.0,45,False,True,TTTTTTTTTTTWWWWWWWWWWWWWWWWWWTTTTTTTTTTTTTTTT
65082.0,46,False,True,TTTTTTTTTTTWWWWWWWWWWWWWWWWWWTTTTTTTTTTTTTTTTT
65092.0,48,False,True,TTTTTTTTTTTWWWWWWWWWWWWWWWWWWTTTTTTTTTTTTTTTTTTT
65102.0,46,False,True,TTTTTTTTTTTTTWWWWWWWWWWWWWWWWTTTTTTTTTTTTTTTTT
65112.0,46,False,True,TTTTTTTTTTTTTWWWWWWWWWWWWWWWWTTTTTTTTTTTTTTTTT
65122.0,47,False,True,TTTTTTTTTTTTTTWWWWWWWWWWWWWWWWWTTTTTTTTTTTTTTTT
65132.0,45,False,True,MTTTTTTTTTTTTTTWWWWWWWWWWWWWWWWTTTTTTTTTTTTTT
65142.0,50,False,True,MMTTTTTTTTTTTTTTWWWWWWWWWWWWWWWWWTTTTTTTTTTTTTTTTT
65152.0,49,False,True,MMTTTTTTTTTTTTTTWWWWWWWWWWWWWWWWWWTTTTTTTTTTTTTTT
65162.0,49,False,True,MMTTTTTTTTTTTTTTWWWWWWWWWWWWWWWWWWTTTTTTTTTTTTTTT
65172.0,50,False,True,MMTTTTTTTTTTTTTTWWWWWWWWWWWWWWWWWWWTTTTTTTTTTTTTTT
65182.0,50,False,True,MMTTTTTTTTTTTTTTWWWWWWWWWWWWWWWWWWWTTTTTTTTTTTTTTT
65192.0,47,False,True,MMMTTTTTTTTTTTTTTTWWWWWWWWWWWWWWWWWWTTTTTTTTTTT
65202.0,44,False,True,MMMTTTTTTTTTTTTTTWWWWWWWWWWWWWWWWWTTTTTTTTTT
65212.0,42,False,True,MMMTTTTTTTTTTTTTTWWWWWWWWWWWWWWWWTTTTTTTTT
65222.0,39,False,True,MMMTTTTTTTTTTTTWWWWWWWWWWWWWWWWTTTTTTTT
65232.0,37,False,True,MMMTTTTTTTTTTTTWWWWWWWWWWWWWWWTTTTTTT
65242.0,37,False,True,MMMMTTTTTTTTTTTTWWWWWWWWWWWWWWWTTTTTT
65252.0,36,False,True,MMMMMTTTTTTTTTTTTWWWWWWWWWWWWWTTTTTT
65262.0,37,False,True,MMMMMTTTTTTTTTTTTTWWWWWWWWWWWWWTTTTTT
65272.0,36,False,True,MMMMMTTTTTTTTTTTTTWWWWWWWWWWWWTTTTTT
65282.0,36,False,True,MMMMMTTTTTTTTTTTTWWWWWWWWWWWWWTTTTTT
65292.0,35,False,True,MMMMMTTTTTTTTTTTTWWWWWWWWWWWWTTTTTT
65302.0,33,False,True,MMMMMTTTTTTTTTTTWWWWWWWWWWWWTTTTT
65312.0,30,False,True,MMMMMTTTTTTTTTTWWWWWWWWWWTTTTT
65322.0,30,False,True,MMMMMTTTTTTTTTTWWWWWWWWWWTTTTT
65332.0,30,False,True,MMMMMTTTTTTTTTTWWWWWWWWWWTTTTT
65342.0,29,False,True,MMMMMTTTTTTTTTTWWWWWWWWWWTTTT
65352.0,32,False,True,MMMMMTTTTTTTTTTTTWWWWWWWWWWWTTTT
65362.0,32,False,True,MMMMMTTTTTTTTTTTWWWWWWWWWWWTTTTT
65372.0,31,False,True,MMMMMTTTTTTTTTTTWWWWWWWWWWTTTTT
65382.0,32,False,True,MMMMMTTTTTTTTTTTTWWWWWWWWWWTTTTT
65392.0,35,False,True,MMMMMMTTTTTTTTTTTTTWWWWWWWWWWTTTTTT
65402.0,36,False,True,MMMMMMTTTTTTTTTTTTWWWWWWWWWWWWWTTTTT
65412.0,34,False,True,MMMMMMTTTTTTTTTTTWWWWWWWWWWWWWTTTT
65422.0,35,False,True,MMMMMMTTTTTTTTTTTTWWWWWWWWWWWWWTTTT
65432.0,36,False,True,MMMMMMTTTTTTTTTTTTWWWWWWWWWWWWWWTTTT
65442.0,36,False,True,MMMMMMTTTTTTTTTTTTWWWWWWWWWWWWWWTTTT
65452.0,36,False,True,MMMMMMTTTTTTTTTTTTWWWWWWWWWWWWWWTTTT
65462.0,37,False,True,MMMMMMMTTTTTTTTTTTWWWWWWWWWWWWWWWTTTT
65472.0,38,False,True,MMMMMMMTTTTTTTTTTTWWWWWWWWWWWWWWWTTTTT
65482.0,38,False,True,MMMMMMMTTTTTTTTTTTWWWWWWWWWWWWWWTTTTTT
65492.0,37,False,True,MMMMMMMTTTTTTTTTTTTWWWWWWWWWWWWTTTTTT
65502.0,36,False,True,MMMMMMMMTTTTTTTTTTTTWWWWWWWWWWWTTTTT
65512.0,37,False,True,MMMMMMMMTTTTTTTTTTTTTWWWWWWWWWWWTTTTT
65522.0,36,False,True,MMMMMMMMTTTTTTTTTTTTTWWWWWWWWWWTTTTT
65532.0,35,False,True,MMMMMMMMTTTTTTTTTTTTWWWWWWWWWWTTTTT
65542.0,33,False,True,MMMMMMMMTTTTTTTTTTTWWWWWWWWWTTTTT
65552.0,31,False,True,MMMMMMMMTTTTTTTTTTTWWWWWWWTTTTT
65562.0,35,False,True,MMMMMMMMMTTTTTTTTTTTTTTWWWWWWTTTTTT
65572.0,33,False,True,MMMMMMMMTTTTTTTTTTTTTTWWWWWTTTTTT
65582.0,32,False,True,MMMMMMMMTTTTTTTTTTTTTWWWWWTTTTTT
65592.0,35,False,True,MMMMMMMMMTTTTTTTTTTTTTTTWWWWWTTTTTT
65602.0,35,False,True,MMMMMMMMMTTTTTTTTTTTTTTTTWWWWTTTTTT
65612.0,35,False,True,MMMMMMMMMTTTTTTTTTTTTTTTTWWWTTTTTTT
65622.0,33,False,True,MMMMMMMMMTTTTTTTTTTTTTTTWWTTTTTTT
65632.0,33,False,True,MMMMMMMMMMTTTTTTTTTTTTTTTWWTTTTTT
65642.0,32,False,True,MMMMMMMMMMTTTTTTTTTTTTTTTWWTTTTT
65652.0,33,False,True,MMMMMMMMMMMTTTTTTTTTTTTTTWWTTTTTT
65662.0,30,False,True,MMMMMMMMMMMTTTTTTTTTTTTWTTTTTT
65672.0,29,False,True,MMMMMMMMMMTTTTTTTTTTTTWTTTTTT
65682.0,29,False,True,MMMMMMMMMMTTTTTTTTTTTTWTTTTTT
65692.0,29,False,True,MMMMMMMMMMTTTTTTTTTTTTWTTTTTT
65702.0,29,False,True,MMMMMMMMMMTTTTTTTTTTTTWTTTTTT
65712.0,29,False,True,MMMMMMMMMMTTTTTTTTTTTTWTTTTTT
65722.0,30,False,True,MMMMMMMMMTTTTTTTTTTTTWTTTTTTTT
65732.0,27,False,True,MMMMMMMMMTTTTTTTTTTTTTTTTTT
65742.0,25,False,True,MMMMMMMMMTTTTTTTTTTTTTTTT
65752.0,21,False,True,MMMMMMMMMTTTTTTTTTTTT
65762.0,20,False,True,MMMMMMMMMTTTTTTTTTTT
65772.0,19,False,True,MMMMMMMMMTTTTTTTTTT
65782.0,19,False,True,MMMMMMMMMTTTTTTTTTT
65792.0,18,False,True,MMMMMMMTTTTTTTTTTT
65802.0,17,False,True,MMMMMMMMTTTTTTTTT
65812.0,16,False,True,MMMMMMMTTTTTTTTT
65822.0,15,False,True,MMMMMMMTTTTTTTT
65832.0,14,False,True,MMMMMMTTTTTTTT
65842.0,14,False,True,MMMMMMTTTTTTTT
65852.0,12,False,True,MMMMMTTTTTTT
65862.0,11,False,True,MMMMTTTTTTT
65872.0,13,False,True,MMMMMTTTTTTTT
65882.0,13,False,True,MMMMMTTTTTTTT
65892.0,14,False,True,MMMMMTTTTTTTTT
65902.0,15,False,True,MMMMMMTTTTTTTTT
65912.0,15,False,True,MMMMMMTTTTTTTTT
65922.0,15,False,True,MMMMMMTTTTTTTTT
65932.0,14,False,True,MMMMMMTTTTTTTT
65942.0,15,False,True,MMMMMMMTTTTTTTT
65952.0,15,False,True,MMMMMMMTTTTTTTT
65962.0,13,False,True,MMMMMTTTTTTTT
65972.0,11,False,True,MMMMMMTTTTT
65982.0,11,False,True,MMMMMMTTTTT
65992.0,12,False,True,MMMMMMMTTTTT
66002.0,11,False,True,MMMMMMMTTTT
66012.0,11,False,True,MMMMMMMTTTT
66022.0,11,False,True,MMMMMMMTTTT
66032.0,11,False,True,MMMMMMMTTTT
66042.0,11,False,True,MMMMMMMTTTT
66052.0,10,False,True,MMMMMMTTTT
66062.0,9,False,True,MMMMMTTTT
66072.0,9,False,True,MMMMMTTTT
66082.0,10,False,True,MMMMMMTTTT
66092.0,10,False,True,MMMMMMTTTT
66102.0,10,False,True,MMMMMMTTTT
66112.0,12,False,True,MMMMMMMTTTTT
66122.0,13,False,True,MMMMMMMMTTTTT
66132.0,13,False,True,MMMMMMMMTTTTT
66142.0,14,False,True,MMMMMMMMTTTTTT
66152.0,13,False,True,MMMMMMMTTTTTT
66162.0,15,False,True,MMMMMMMMMMTTTTT
66172.0,17,False,True,MMMMMMMMMMMMTTTTT
66182.0,18,False,True,SMMMMMMMMMMMMTTTTT
66192.0,18,False,True,SMMMMMMMMMMMMTTTTT
66202.0,18,False,True,SMMMMMMMMMMMMTTTTT
66212.0,18,False,True,SMMMMMMMMMMMMTTTTT
66222.0,19,False,True,SMMMMMMMMMMMMMTTTTT
66232.0,19,False,True,SMMMMMMMMMMMMMTTTTT
66242.0,20,False,True,SSMMMMMMMMMMMMMTTTTT
66252.0,20,False,True,SSMMMMMMMMMMMMMTTTTT
66262.0,20,False,True,SSMMMMMMMMMMMMMTTTTT
66272.0,20,False,True,SSMMMMMMMMMMMMTTTTTT
66282.0,21,False,True,SSSMMMMMMMMMMMMTTTTTT
66292.0,20,False,True,SSSMMMMMMMMMMMMTTTTT
66302.0,20,False,True,SSSMMMMMMMMMMMMMTTTT
66312.0,21,False,True,SSSMMMMMMMMMMMMMMTTTT
66322.0,20,False,True,SSSSMMMMMMMMMMMMTTTT
66332.0,20,False,True,SSSMMMMMMMMMMMMMTTTT
66342.0,21,False,True,SSMMMMMMMMMMMMMMMTTTT
66352.0,21,False,True,SSMMMMMMMMMMMMMMMTTTT
66362.0,21,False,True,SSMMMMMMMMMMMMMMMTTTT
66372.0,20,False,True,SSMMMMMMMMMMMMMMTTTT
66382.0,20,False,True,SSSMMMMMMMMMMMMMTTTT
66392.0,20,False,True,SSSMMMMMMMMMMMMMTTTT
66402.0,19,False,True,SSSMMMMMMMMMMMMTTTT
66412.0,19,False,True,SSSMMMMMMMMMMMMTTTT
66422.0,19,False,True,SSSMMMMMMMMMMMMTTTT
66432.0,17,False,True,SSMMMMMMMMMMMTTTT
66442.0,18,False,True,SSSMMMMMMMMMMMTTTT
66452.0,16,False,True,SSMMMMMMMMMMTTTT
66462.0,18,False,True,SSSSMMMMMMMMMMTTTT
66472.0,17,False,True,SSSSMMMMMMMMMMTTT
66482.0,19,False,True,SSSSSMMMMMMMMMMMTTT
66492.0,20,False,True,SSSSSSSMMMMMMMMMMMTT
66502.0,19,False,True,SSSSSSSMMMMMMMMMMMT
66512.0,23,False,True,SSSSSSSSSMMMMMMMMMMMMMT
66522.0,26,False,True,SSSSSSSSSSSSMMMMMMMMMMMMMT
66532.0,28,False,True,SSSSSSSSSSSSSSSMMMMMMMMMMMMT
66542.0,26,False,True,SSSSSSSSSSSSSMMMMMMMMMMMMT
66552.0,29,False,True,SSSSSSSSSSSSSMMMMMMMMMMMMMMMT
66562.0,30,False,True,SSSSSSSSSSSSSSSSMMMMMMMMMMMMMT
66572.0,31,False,True,SSSSSSSSSSSSSSSSSMMMMMMMMMMMMMT
66582.0,32,False,True,SSSSSSSSSSSSSSSSSSMMMMMMMMMMMMMT
66592.0,34,False,True,SSSSSSSSSSSSSSSSSSSSSMMMMMMMMMMMMM
66602.0,34,False,True,SSSSSSSSSSSSSSSSSSSSSMMMMMMMMMMMMM
66612.0,30,False,True,SSSSSSSSSSSSSSSSSSSMMMMMMMMMMM
66622.0,29,False,True,SSSSSSSSSSSSSSSSSSMMMMMMMMMMM
66632.0,29,False,True,SSSSSSSSSSSSSSSSSSMMMMMMMMMMM
66642.0,28,False,True,SSSSSSSSSSSSSSSSSSMMMMMMMMMM
66652.0,24,False,True,SSSSSSSSSSSSSSSMMMMMMMMM
66662.0,22,False,True,SSSSSSSSSSSSSMMMMMMMMM
66672.0,22,False,True,SSSSSSSSSSSSMMMMMMMMMM
66682.0,21,False,True,SSSSSSSSSSSMMMMMMMMMM
66692.0,20,False,True,SSSSSSSSSSMMMMMMMMMM
66702.0,19,False,True,SSSSSSSSSSMMMMMMMMM
66712.0,18,False,True,SSSSSSSSSMMMMMMMMM
66722.0,16,False,False,SSSSSSSSSMMMMMMM
66732.0,15,False,False,SSSSSSSSMMMMMMM
66742.0,15,False,False,SSSSSSSSMMMMMMM
66752.0,13,False,False,SSSSSSMMMMMMM
66762.0,12,False,False,SSSSSSMMMMMM
66772.0,9,False,False,SSSSMMMMM
66782.0,9,False,False,SSSSMMMMM
66792.0,9,False,False,SSSSMMMMM
66802.0,7,False,False,SSMMMMM
66812.0,7,False,False,SSMMMMM
66822.0,7,False,False,SSMMMMM
66832.0,6,False,False,SMMMMM
66842.0,6,False,False,SMMMMM
66852.0,6,False,False,SMMMMM
66862.0,6,False,False,SMMMMM
66872.0,6,False,False,SMMMMM
66882.0,6,False,False,SMMMMM
66892.0,6,False,False,SMMMMM
66902.0,6,False,False,SMMMMM
66912.0,6,False,False,SMMMMM
66922.0,4,False,False,SMMM
66932.0,4,False,False,SMMM
66942.0,4,False,False,SMMM
66952.0,4,False,False,SMMM
66962.0,4,False,False,SMMM
66972.0,4,False,False,SMMM
66982.0,4,False,False,SMMM
66992.0,4,False,False,SMMM
67002.0,3,False,False,MMM
67012.0,3,False,False,MMM
67022.0,3,False,False,MMM
67032.0,3,False,False,MMM
67042.0,3,False,False,MMM
67052.0,3,False,False,MMM
67062.0,3,False,False,MMM
67072.0,2,False,False,MM
67082.0,2,False,False,MM
67092.0,2,False,False,MM
67102.0,2,False,False,MM
67112.0,2,False,False,MM
67122.0,1,False,False,M
67132.0,1,False,False,M
67142.0,1,False,False,M
67152.0,1,False,False,M
67162.0,1,False,False,M
67172.0,1,False,False,M
67182.0,1,False,False,M
67192.0,1,False,False,M
67202.0,1,False,False,M
67212.0,1,False,False,M
67222.0,1,False,False,M
67232.0,1,False,False,M
67242.0,1,False,False,M
67252.0,1,False,False,M
67262.0,1,False,False,M
67272.0,1,False,False,M
67282.0,1,False,False,M
67292.0,1,False,False,M
67302.0,0,False,False,
